seed,condition,topology,peer_learning_enabled,random_seed,agent_initial_states_sha256,participant_ids_sha256,base_graph_sha256,cultural_edge_count,network_density,assortativity_target,assortativity_swap_budget,assortativity_achieved_structured,assortativity_achieved_rewired,assortativity_target_reached,steps,final_state_sha256
1,A,structured,True,1,7c340814bcd876414ef4a1c52ce897193765bd7b16386697fb43d8b8444213e9,f7db358cd6669cef54376a567cba02ed91a86ecdb027c040c07c1db2a2b2b86f,eb94db93a6a3de38024516cc8d94345b6e269fed1e96d2b0b12fdb5e2d739996,60,0.15384615384615385,0.3,600,0.3455290102651168,-0.0698300266035665,True,156,5d54129b6f7d058209ba5217813c56ff26f06e3bb87044b0e1053a4352e0f529
1,B,rewired,True,1,7c340814bcd876414ef4a1c52ce897193765bd7b16386697fb43d8b8444213e9,f7db358cd6669cef54376a567cba02ed91a86ecdb027c040c07c1db2a2b2b86f,4a789dc592ac942598211dfe82577f53738a26172d739e2f258247c2fd7b4daf,67,0.15384615384615385,0.3,600,0.3455290102651168,-0.0698300266035665,True,156,8f57ac46bd1089c6b961eabe9d6e704bb8efd2ed8d935c156194ebab2ec5648e
1,C,structured,False,1,7c340814bcd876414ef4a1c52ce897193765bd7b16386697fb43d8b8444213e9,f7db358cd6669cef54376a567cba02ed91a86ecdb027c040c07c1db2a2b2b86f,eb94db93a6a3de38024516cc8d94345b6e269fed1e96d2b0b12fdb5e2d739996,60,0.15384615384615385,0.3,600,0.3455290102651168,-0.0698300266035665,True,156,9b24130f8e0e6e8345f6df49f355cfc9639a65a3abdd2d0943c6b3351ac471dc
1,D,rewired,False,1,7c340814bcd876414ef4a1c52ce897193765bd7b16386697fb43d8b8444213e9,f7db358cd6669cef54376a567cba02ed91a86ecdb027c040c07c1db2a2b2b86f,4a789dc592ac942598211dfe82577f53738a26172d739e2f258247c2fd7b4daf,67,0.15384615384615385,0.3,600,0.3455290102651168,-0.0698300266035665,True,156,9734c15ccf3034bec084fcd0ae9d27b07686a5c9fd706955e75c78895ee4ebd6
2,A,structured,True,2,1e46d3a1c01e5e96531874fc94f45c5debeca2ef3f130b42f55f95ff04215305,233acb79c2305c158b69e7a98faddd9c40333c6f3846e1e6fe3a4876d021db64,245427cb1ed6f61c86dd01b2a27cd2c156258c4d31cd20eeda8a57433338698b,66,0.15384615384615385,0.3,600,0.3378597692904275,-0.11374280651186365,True,156,f24869cdad458634ccb42c2b6786282f28ea01be4ea6ad423ecf02aec94fa739
2,B,rewired,True,2,1e46d3a1c01e5e96531874fc94f45c5debeca2ef3f130b42f55f95ff04215305,233acb79c2305c158b69e7a98faddd9c40333c6f3846e1e6fe3a4876d021db64,7e7ecb5c90ba386fb109a4f65a3f1d70a6d60654857fce49ceb458de64829481,65,0.15384615384615385,0.3,600,0.3378597692904275,-0.11374280651186365,True,156,c3b26dcfce9d74abbea593dfdd82dbc525f79d0b57840066d6989cadeeab6b3a
2,C,structured,False,2,1e46d3a1c01e5e96531874fc94f45c5debeca2ef3f130b42f55f95ff04215305,233acb79c2305c158b69e7a98faddd9c40333c6f3846e1e6fe3a4876d021db64,245427cb1ed6f61c86dd01b2a27cd2c156258c4d31cd20eeda8a57433338698b,66,0.15384615384615385,0.3,600,0.3378597692904275,-0.11374280651186365,True,156,edaa362d749933878d39b1449655d77515fe69367d8b09e468e11fa4c735adb8
2,D,rewired,False,2,1e46d3a1c01e5e96531874fc94f45c5debeca2ef3f130b42f55f95ff04215305,233acb79c2305c158b69e7a98faddd9c40333c6f3846e1e6fe3a4876d021db64,7e7ecb5c90ba386fb109a4f65a3f1d70a6d60654857fce49ceb458de64829481,65,0.15384615384615385,0.3,600,0.3378597692904275,-0.11374280651186365,True,156,2cac759dc69db22a914f43a65a194e50b3d4ee3746825d6cc6eba08658660a55
3,A,structured,True,3,12a483ac1d84d75286f0b60ebdc58a0f3c1882fcca2bf765787f5f714ebe50e3,453d91cb2e8621aad6dd0dd031476cb4ad84e41474ea26011f87084a044d75d5,8557bc5b31899668e496c8af39b3175ba88f55fa3840e6ecf8194ae4d81fd735,64,0.15384615384615385,0.3,600,0.3405500502405617,-0.0698007135134443,True,156,50a37f7557c782d686b5ef4e36317ce575a7ab26b278536f9f65ddaf534dedb3
3,B,rewired,True,3,12a483ac1d84d75286f0b60ebdc58a0f3c1882fcca2bf765787f5f714ebe50e3,453d91cb2e8621aad6dd0dd031476cb4ad84e41474ea26011f87084a044d75d5,3be606ea64dd488f2fa7b9ddfb60f4b56f484d01ec3650a8558ad7ca34bcc84b,64,0.15384615384615385,0.3,600,0.3405500502405617,-0.0698007135134443,True,156,0262b25b5244a0f12c62b0979ab3bee317237389a01d130088e874d5b052d40e
3,C,structured,False,3,12a483ac1d84d75286f0b60ebdc58a0f3c1882fcca2bf765787f5f714ebe50e3,453d91cb2e8621aad6dd0dd031476cb4ad84e41474ea26011f87084a044d75d5,8557bc5b31899668e496c8af39b3175ba88f55fa3840e6ecf8194ae4d81fd735,64,0.15384615384615385,0.3,600,0.3405500502405617,-0.0698007135134443,True,156,3d196915eefe04dab28dd5b73be95721f077267708601ca33e984c95a8e952a2
3,D,rewired,False,3,12a483ac1d84d75286f0b60ebdc58a0f3c1882fcca2bf765787f5f714ebe50e3,453d91cb2e8621aad6dd0dd031476cb4ad84e41474ea26011f87084a044d75d5,3be606ea64dd488f2fa7b9ddfb60f4b56f484d01ec3650a8558ad7ca34bcc84b,64,0.15384615384615385,0.3,600,0.3405500502405617,-0.0698007135134443,True,156,cd04531ce710d30be8d674a592366907856eac85d24d1340aa5418163199ff1c
4,A,structured,True,4,07eb586fd9158785ad5922c160098412a86fbdf73f7f6199708849da8fc2bb03,103d54a267e0dcb277d28f510c37beec73e5025f9cabdda6444b3914d95df3f8,ef94a13460ce4cab509d8266d0006a46d10796177f8a9dd972bf3ad37a911637,63,0.15384615384615385,0.3,600,0.33795224321829076,-0.12128311059099188,True,156,111768e35d7a6bd79939dadacdb082d179e47d6444faf6a71001358f8a518c88
4,B,rewired,True,4,07eb586fd9158785ad5922c160098412a86fbdf73f7f6199708849da8fc2bb03,103d54a267e0dcb277d28f510c37beec73e5025f9cabdda6444b3914d95df3f8,ba909369ba3c55c99261024c96b2fc2a2c13cd4b6d14478e4333e4812b8d1cf3,70,0.15384615384615385,0.3,600,0.33795224321829076,-0.12128311059099188,True,156,1c4737982fe5368a6a6f94f8ca24a1959169ac5f4a88c52c64d6338856516841
4,C,structured,False,4,07eb586fd9158785ad5922c160098412a86fbdf73f7f6199708849da8fc2bb03,103d54a267e0dcb277d28f510c37beec73e5025f9cabdda6444b3914d95df3f8,ef94a13460ce4cab509d8266d0006a46d10796177f8a9dd972bf3ad37a911637,63,0.15384615384615385,0.3,600,0.33795224321829076,-0.12128311059099188,True,156,240cfef4f19f8ee434c674fb8e774d955021fbbace3d20ad5243e1f816b744dc
4,D,rewired,False,4,07eb586fd9158785ad5922c160098412a86fbdf73f7f6199708849da8fc2bb03,103d54a267e0dcb277d28f510c37beec73e5025f9cabdda6444b3914d95df3f8,ba909369ba3c55c99261024c96b2fc2a2c13cd4b6d14478e4333e4812b8d1cf3,70,0.15384615384615385,0.3,600,0.33795224321829076,-0.12128311059099188,True,156,bb7fc5bb6e5f8b9947370ec34af72aff491d301608f8c109e4045d1fa9962ea1
5,A,structured,True,5,255bd249b0dbfe89edc6e7d0dc043bd110bb85c01ae6a04b11b2849e3a641a5a,f5bb9493f698021b06f846d86d0d04368ee063bfcab360e19ef4557a901fc977,73f960676faa111a29cc55187f51aae30f951db90af196191c1f192809eb4684,66,0.15384615384615385,0.3,600,0.3444363569767426,0.004514109181424791,True,156,25f53b38d456921c673347f3ace41c7cdb0dfa7e1e64ad8ade4d48db82912494
5,B,rewired,True,5,255bd249b0dbfe89edc6e7d0dc043bd110bb85c01ae6a04b11b2849e3a641a5a,f5bb9493f698021b06f846d86d0d04368ee063bfcab360e19ef4557a901fc977,814b833686425ebdd8b7a1563a2760fdfc4145f0d6cee3cf652428959857f395,69,0.15384615384615385,0.3,600,0.3444363569767426,0.004514109181424791,True,156,cbdd2e3bc9907b4ce340a8b4e7ed7297ff32cdd4460ecb23033b79aec92e932e
5,C,structured,False,5,255bd249b0dbfe89edc6e7d0dc043bd110bb85c01ae6a04b11b2849e3a641a5a,f5bb9493f698021b06f846d86d0d04368ee063bfcab360e19ef4557a901fc977,73f960676faa111a29cc55187f51aae30f951db90af196191c1f192809eb4684,66,0.15384615384615385,0.3,600,0.3444363569767426,0.004514109181424791,True,156,703237d36ae9aa09d45cda34101c161f3218353b2069cc2a4aa87084108a9bdd
5,D,rewired,False,5,255bd249b0dbfe89edc6e7d0dc043bd110bb85c01ae6a04b11b2849e3a641a5a,f5bb9493f698021b06f846d86d0d04368ee063bfcab360e19ef4557a901fc977,814b833686425ebdd8b7a1563a2760fdfc4145f0d6cee3cf652428959857f395,69,0.15384615384615385,0.3,600,0.3444363569767426,0.004514109181424791,True,156,c65246e39b02e0a2f69dc5b9252fc361b069e830789e6a8fddd92547254291af
